service	intent	unique_suggestions	sum_nonecho_hits	KG_geo_suggestions	foreign_geo_suggestions	best_rank	examples
generic site	commercial (service)	771	1149	102	137	1	разработка сайтов кыргызстан | разработка сайтов бишкек | создание сайтов бишкек | создание сайтов в бишкеке | создание сайта бишкек | разработка веб сайтов бишкек
generic site	other/navigational	673	775	30	31	1	kg сайт | сайт ts kg | сайт imei kg | сайт cabinet salyk kg | сайт tili kg | сайт минюста кр
pricing	transactional	413	719	7	40	1	создание сайтов бишкек цена | разработка сайтов бишкек цена | цена сайдинга в бишкеке | реклама в бишкеке цены | визитка бишкек цена | дизайн интерьера цена бишкек
about/studio	commercial (service)	258	508	44	68	1	веб студия бишкек | web студии в бишкеке | веб студии бишкек | айти компании в кыргызстане | айти компании кыргызстана | веб разработчик бишкек
generic site	informational:DIY	326	478	3	3	1	как создать кр код на сайт | как сделать кр код на сайт | сайт знакомств бишкек бесплатно | сайт на тильде | сайт на tilda | сделать сайт онлайн бесплатно
unrelated	other/navigational	367	425	101	26	1	веб разработка бишкек | личный кабинет бишкек | vizitka kg | чат gpt кыргызстан | интернет для бизнеса бишкек | 1с фреш кг
pricing	commercial-investigation	211	282	16	17	1	сколько стоит создать сайт в бишкеке | сколько стоит в бишкеке | сколько стоит в бишкеке iphone 17 pro max | сколько стоит в бишкеке доллар | сколько стоит в бишкеке однокомнатная квартира | сколько стоит в бишкеке iphone 13
generic site	transactional	182	282	3	42	1	заказать сайт бишкек | купить сайт бишкек | заказать сайт в бишкеке | заказать сайт на тильде | заказать сайт сайтхаб | заказать сайт приглашение на свадьбу
landing	other/navigational	178	260	3	8	1	визитка кг | landing in bishkek | globus landing bishkek | сайт визитка на английском | сайт визитка | landing page design web
mobile app	commercial (service)	135	251	21	20	1	разработка мобильных приложений бишкек | разработка приложения бишкек | создание приложений бишкек | приложение бишкек | мобильное приложение бишкек | мобильная разработка бишкек
crm	other/navigational	166	212	4	15	1	crm bishkek | crm kg | битрикс24 кг | crm o kg | crm по работе с клиентами | crm система для малого бизнеса
online store	other/navigational	160	182	5	19	1	интернет магазин kg | каталог kg | эквайринг кр | интернет магазин киргизия | личный кабинет налогоплательщика кр | лендинг оплата
crm	commercial (service)	47	153	17	1	1	crm система бишкек | crm бишкек | crm кыргызстан | автоматизация бизнеса бишкек | автоматизация бишкек | автоматизация магазина бишкек
mobile app	other/navigational	114	147	1	4	1	мобильное приложение salyk kg | приложение для заказов | мобильное приложение лалафо | веб приложение белагропромбанк | веб приложение альфа банк | веб приложение макс
telegram bot	other/navigational	95	136	1	9	1	telegram bishkek | телеграм бот для скачивания видео с ютуба | телеграм бот для скачивания видео с инсты | телеграм бот для музыки | телеграм бот для скачивания музыки с ютуба | телеграм бот для скачивания видео с тт
company site	transactional	34	99	1	11	1	сайт под ключ бишкек | сайт под ключ | заказать сайт под ключ украина | заказать корпоративный сайт под ключ | заказать сайт под ключ киев | сайт под ключ красноярск
about/studio	junk:jobs	52	94	16	5	1	веб разработчик вакансии бишкек | фрилансер работа бишкек | it компании бишкек вакансии | программист зарплата в кыргызстане | программист бишкек вакансии | программист бишкек зарплата
online store	commercial (service)	63	93	39	7	1	интернет магазин электроники бишкек | интернет магазин бишкек | интернет магазин бытовой техники бишкек | интернет магазин бишкек инстаграм | интернет магазин игрушек бишкек | интернет магазин стим бишкек
seo	commercial (service)	53	92	15	9	1	seo продвижение бишкек | seo оптимизация бишкек | seo специалист бишкек | seo бишкек | сео продвижение бишкек | сео бишкек
landing	commercial (service)	30	72	3	0	1	сайт визитка бишкек | лендинг бишкек | сделать визитки бишкек | сайт визитка создать | создание сайта визитки | сделать сайт визитку
about/studio	other/navigational	49	68	4	4	1	фрилансер кг | digital bishkek | программист кг | digital kg | сайт для создания веб дизайна | фрилансер кж
unrelated	transactional	58	66	25	1	1	заказать с китая бишкек | где можно заказать в бишкеке | где заказать еду в бишкеке | 1с купить бишкек | домен kg купить | купить хостинг бишкек
about/studio	commercial-investigation	45	64	2	22	1	топ it компании в кыргызстане | топ айти компаний кыргызстана | веб студия полного цикла | it компания aston отзывы | it компания контур отзывы сотрудников | веб студия веста отзывы
landing	informational:DIY	32	55	0	2	1	сайт визитка создать бесплатно | сайт визитка бесплатно | сайт визитка тильда | сайт визитка на wordpress | сделать сайт визитку бесплатно | сайт-визитка на tilda
generic site	junk:education	41	54	0	0	1	создание сайтов обучение | создание сайтов обучение для детей | создание сайтов с нуля обучение для начинающих | разработка сайтов обучение | кто делает сайты профессия | сайт заказать книги
telegram bot	commercial (service)	27	52	12	2	1	телеграм бот бишкек | чат бот бишкек | кракен бот телеграм бишкек | телеграм бишкек | телеграм чат бишкек | telegram бишкек
crm	informational:DIY	34	51	0	0	1	разработка crm с нуля | сделать сайт самому | crm система бесплатно | автоматизация бизнеса с помощью ии | seo продвижение как сделать самому | продвижение сайта самостоятельно
online store	informational:DIY	21	51	0	0	1	создание интернет магазина с нуля | создание интернет магазина с помощью ии | создание интернет магазина с нуля html | как создать интернет магазин | создание интернет магазина на тильде | создание интернет магазина на wordpress
seo	other/navigational	33	48	0	14	1	seo продвижение seo-system | seo продвижение минск | seo продвижение request design | seo продвижение хабаровск | seo продвижение мфо кейс | seo продвижение сайта моссео
landing	informational:definition	19	46	0	0	1	сайт визитка это | лендинг бул | landing page это | лендинг деген эмне | лендинг это | лендинг это простыми словами
mobile app	informational:DIY	27	46	0	3	1	разработка мобильных приложений москва тильда | разработка мобильных приложений с чего начать | разработка приложений для android с нуля | разработка мобильных приложений москва тильда ws | разработка мобильных приложений на python | разработка мобильных приложений с помощью ии
redesign/support	other/navigational	43	46	0	4	1	поддержка сайма | редизайн сайта онлайн | 1с казахстан поддержка | редизайн сайта ai | редизайн сайта минск | редизайн сайта пионер
landing	junk:download/template/login	24	44	0	0	1	сайт визитка примеры | сайт визитка пример | сайт визитка шаблон | лендинг примеры | landing page примеры | сайт визитка шаблон бесплатно
company site	other/navigational	24	44	0	1	1	корпоративный сайт | корпоративный сайт мбанк | корпоративный сайт уральские авиалинии | корпоративный сайт беларусбанка | корпоративный сайт тпу | корпоративный сайт новгу
about/studio	junk:education	25	42	9	4	1	программист колледж бишкек | программист университет бишкек | программист бишкек университеты | программист бишкек университеты контракт | программист обучение бишкек | программист курс бишкек
generic site	junk:download/template/login	25	38	0	0	1	дизайн сайта примеры | дизайн сайта шаблоны | дизайн сайта пример | сайт на тильде пример | сайт на тильда пример | сайт на wordpress пример
generic site	junk:jobs	23	36	0	1	1	создание сайтов вакансии | создание сайтов работа | разработка сайтов вакансии | создание сайтов сколько можно заработать | разработка сайта вакансии | создание сайтов на заказ вакансии
mobile app	transactional	22	36	0	0	1	разработка мобильных приложений на заказ | разработка мобильных приложений под ключ | разработка мобильных приложений под ключ тильда | разработка приложений на заказ | заказать приложение для андроид | заказать приложение для ios
mobile app	junk:download/template/login	29	33	16	3	1	скачать мобильное приложение газпром кыргызстан | скачать приложение бишкек петролеум | скачать приложение бишкек водоканал | скачать приложение бишкектеплосеть | мой город скачать приложение бишкек | парк евразия бишкек приложение скачать
crm	transactional	10	32	1	0	1	внедрение срм бишкек | разработка crm на заказ | разработка crm под ключ | разработка crm системы на заказ | автоматизация бизнеса под ключ | сайт на битрикс заказать
landing	transactional	24	29	1	5	1	заказать визитки бишкек | заказать сайт визитку под ключ | сайт визитка заказать | создание лендинга заказать | купить лендинг под ключ | сайт лендинг под ключ
online store	transactional	18	26	0	3	1	интернет магазин под ключ украина | интернет магазин под ключ рег ру | готовый интернет магазин под ключ | интернет магазин автозапчастей под ключ | сайт интернет магазин под ключ | заказать интернет магазин в краснодаре
about/studio	informational:definition	12	22	0	0	1	веб студия это | веб разработчик это | программист это | программист деген эмне | it компания это | айти компания это
mobile app	junk:education	11	22	0	0	1	разработка мобильных приложений обучение бесплатно | юфу магистратура разработка мобильных приложений и компьютерных игр | разработка мобильных приложений лекции | разработка приложений обучение | разработка мобильных приложений учебное пособие | реферат на тему разработка мобильных приложений
unrelated	informational:DIY	11	19	3	0	1	tilda kg | домен kg бесплатно | wordpress бишкек | веб разработка с нуля | веб разработка на python | веб разработка и нейросетевые технологии
crm	junk:download/template/login	17	19	0	0	1	crm система пример | crm система вход | amocrm вход | amocrm скачать | amocrm вход в личный кабинет | amocrm login
crm	informational:definition	13	18	0	0	1	crm система это | crm система это простыми словами | crm система расшифровка | автоматизация бизнеса это | amocrm это | битрикс24 что это
web app	commercial (service)	17	18	1	0	1	разработка программного обеспечения бишкек | разработка программного обеспечения | разработка программного обеспечения итмо | разработка программного обеспечения / software engineering | разработка программного обеспечения и devops | разработка программного обеспечения оквэд
telegram bot	informational:DIY	13	17	0	0	1	телеграм бот для накрутки инстаграм бесплатно | как создать бота в телеграмме для продажи | чат бот ии | как создать телеграм бот для интернет магазина | разработка телеграм бота на python | создание телеграм бота python
redesign/support	informational:DIY	16	16	0	0	1	редизайн сайта с помощью ии | редизайн сайта на тильде | как сделать редизайн сайта | поддержка сайта на wordpress | поддержка сайта на тильде | доработка сайта на wordpress
telegram bot	transactional	11	15	0	0	1	чат бот в телеграм под ключ | чат бот телеграм заказать | разработка телеграм бота под ключ | разработка телеграм бота заказать | telegram bot заказать | бот под ключ
generic site	informational:definition	10	14	0	0	1	разработка сайта это | дизайн сайта это | сайт на тильде это | создание сайтов это какой вид деятельности | сайт на тильда это | разработка сайтов это
generic site	commercial-investigation	11	14	0	1	1	сайт freelance отзывы | сайт для улучшения качества фото | разработка сайтов imedia solutions минск отзывы | мегагрупп создание сайтов отзывы | создание сайтов отзывы | создание сайтов севастополь
unrelated	junk:download/template/login	14	14	3	2	1	гринлиф личный кабинет кыргызстан скачать | фаберлик личный кабинет кыргызстан скачать | фаберлик личный кабинет кыргызстан войти | 1с скачать | 1с фреш вход | 1с коннект скачать
crm	junk:education	8	13	0	0	3	crm для курсов | crm система обучение | crm система обучение бесплатно | автоматизация бизнеса с помощью ии обучение | amocrm обучение | битрикс24 обучение
company site	commercial (service)	6	12	1	0	1	корпоративные подарки бишкек | создание сайта для компании | создать сайт для компании | сайт игр для компании | сделать сайт для компании | сайт для компании
company site	informational:definition	7	11	0	0	1	сайт под ключ это | корпоративный сайт это | сайт для бизнеса это | сайт для компании это | что значит сделать сайт под ключ | что значит создать сайт под ключ
unrelated	junk:education	9	11	2	2	1	курсы 1с бишкек | ux ui дизайн курсы бишкек | веб разработка колледж | веб разработка курсы | 1с казахстан курсы | 1с казахстан обучение
about/studio	informational:DIY	10	11	3	0	2	java разработчик бишкек | python разработчик бишкек | c# разработчик бишкек | веб разработчик с нуля | программист для чайников | разработчик сайтов на тильде
seo	informational:definition	6	11	0	0	1	seo продвижение это | seo продвижение сайта это | seo продвижение это простыми словами | продвижение сайта это | seo аудит сайта это | seo аудит это
unrelated	informational:definition	8	9	0	0	1	веб разработка это | разработка по это | 1с это | лэндин бул | интеграция с 1с это | next js это
unrelated	junk:jobs	7	9	3	1	3	1с вакансии бишкек | webcam бишкек работа | frontend вакансии бишкек | веб разработка вакансии | веб разработка кем работать | разработка программно-информационных систем кем работать
telegram bot	informational:definition	2	8	0	0	1	чат бот деген эмне | чат бот это
crm	junk:jobs	4	6	0	1	4	crm система как в ней работать | автоматизация бизнеса вакансии | автоматизация бизнеса краснодар вакансии | amocrm вакансии
crm	commercial-investigation	6	6	0	1	3	crm система для салона красоты отзывы | автоматизация бизнеса краснодар отзывы | amocrm отзывы | лучшие crm для бизнеса | лучшая crm для малого бизнеса | топ crm для малого бизнеса
mobile app	informational:definition	3	6	0	0	1	веб приложение это | что такое разработка мобильных приложений | разработка мобильных приложений это
mobile app	junk:jobs	4	6	0	0	1	разработка мобильных приложений вакансии | разработка мобильных приложений зарплата | разработка мобильных приложений работа | приложение для доставки работа
telegram bot	junk:jobs	4	6	1	0	2	телеграм не работает бишкек | как заработать в телеграм ботах | разработка телеграм бота вакансии | создание телеграм бота вакансии
seo	informational:DIY	4	6	0	0	2	продвижение сайта на тильде | seo аудит сайта онлайн бесплатно | seo аудит бесплатно | seo аудит сайта бесплатно
pricing	junk:education	5	5	0	0	1	программист 1с обучение цена | программист стоимость обучения | синергия программист стоимость обучения | программист 1с обучение стоимость | сколько стоит создать сайт с курсами
seo	transactional	2	5	0	2	3	заказать сайт с продвижением моссео | заказать сайт москва моссео
about/studio	transactional	4	4	0	0	1	веб дизайн сайта заказать | заказать дизайн сайта фриланс | заказать сайт у фрилансера | веб студия купить
company site	informational:DIY	3	4	0	0	2	сайт для бизнеса бесплатно | как создать сайт для бизнеса | как сделать сайт для бизнеса
telegram bot	junk:education	3	3	0	0	8	телеграм бот для скачивания книг | разработка телеграм бота обучение | создание телеграм бота обучение
redesign/support	informational:definition	3	3	0	0	1	редизайн сайта это | поддержка сайта это | доработка сайта это
seo	junk:jobs	3	3	0	2	8	рекламное агентство вакансии | рекламное агентство краснодар вакансии | рекламное агентство красноярск вакансии
online store	informational:definition	3	3	0	0	2	b2b портал это | сайт каталог это | b2b платформа это
landing	commercial-investigation	3	3	0	0	6	лучший сайт визитка | сайт визитка севастополь | сайт визитка топ
landing	junk:education	2	2	0	0	4	лендинг для книги | лендинг для курса
company site	junk:download/template/login	1	2	0	0	6	корпоративный сайт пример
online store	junk:jobs	1	2	0	0	4	разработать интернет магазин под ключ
mobile app	commercial-investigation	1	2	0	0	3	мобильное приложение криптопро ключ
seo	junk:education	1	2	0	0	9	seo продвижение обучение
web app	transactional	1	2	0	0	9	разработка по на заказ
web app	informational:definition	2	2	0	0	1	разработка программного обеспечения это | заказная разработка это
web app	junk:education	2	2	0	0	10	разработка программного обеспечения итмо магистратура | разработка программного обеспечения колледж
pricing	other/navigational	2	2	0	1	5	1с казахстан прайс | хостинг для сайта дешевый
redesign/support	junk:download/template/login	1	2	0	0	3	редизайн сайта примеры
redesign/support	junk:jobs	2	2	0	1	2	поддержка сайта работа | техподдержка сайта работа в россии
landing	junk:jobs	2	2	0	0	4	сайт визитка вакансии | сайт визитка резюме
web app	informational:DIY	2	2	0	0	2	сайт с личным кабинетом на тильде | можно ли на тильде сделать сайт с личным кабинетом
pricing	junk:jobs	2	2	0	0	9	сколько стоит разработать мобильное приложение | сколько стоит разработать интернет магазин
seo	junk:download/template/login	1	2	0	0	5	seo аудит сайта пример
online store	commercial-investigation	1	1	1	0	14	afm интернет магазин бишкек отзывы
telegram bot	commercial-investigation	1	1	0	0	4	телеграм бот автопродаж php
about/studio	junk:download/template/login	1	1	0	0	13	1с для разработчиков скачать
redesign/support	commercial (service)	1	1	0	0	3	поддержка о компании
online store	junk:download/template/login	1	1	0	0	1	сайт каталог пример
pricing	commercial (service)	1	1	0	0	11	сделать сайт дешево
web app	other/navigational	1	1	0	0	1	сайт с личным кабинетом пользователя
