создание сайтов бишкек	nonecho=21	best=#1	srcs=3	shortest_src='создание сайтов'	kz=False	ru=False
создание сайтов бишкек цена	nonecho=55	best=#1	srcs=3	shortest_src='создание сайта э'	kz=True	ru=True
разработка сайтов бишкек	nonecho=23	best=#1	srcs=3	shortest_src='разработка сайтов'	kz=True	ru=False
разработка сайтов кыргызстан	nonecho=27	best=#1	srcs=3	shortest_src='разработка сайтов ж'	kz=False	ru=False
создание сайтов в бишкеке	nonecho=20	best=#1	srcs=3	shortest_src='создать сайт бишкек'	kz=False	ru=False
создание сайта бишкек	nonecho=17	best=#1	srcs=3	shortest_src='создание сайта'	kz=False	ru=False
разработка сайта бишкек	nonecho=11	best=#1	srcs=3	shortest_src='разработка сайта'	kz=True	ru=True
разработка сайтов в бишкеке	nonecho=14	best=#1	srcs=3	shortest_src='разработка сайтов в'	kz=False	ru=False
разработка веб сайтов бишкек	nonecho=15	best=#1	srcs=3	shortest_src='веб разработка бишкек'	kz=False	ru=True
разработка сайтов бишкек цена	nonecho=5	best=#1	srcs=3	shortest_src='разработка сайтов б'	kz=True	ru=True
разработка сайта кыргызстан	nonecho=6	best=#1	srcs=3	shortest_src='редизайн сайта кр'	kz=False	ru=False
разработка веб сайта бишкек	nonecho=5	best=#1	srcs=3	shortest_src='веб разработка для'	kz=False	ru=False
сайт под ключ бишкек	nonecho=19	best=#1	srcs=3	shortest_src='сайт под ключ кр'	kz=False	ru=False
заказать сайт бишкек	nonecho=14	best=#1	srcs=3	shortest_src='заказать сайт ш'	kz=False	ru=False
заказать сайт в бишкеке	nonecho=8	best=#1	srcs=3	shortest_src='где заказать сайт'	kz=False	ru=False
сделать сайт бишкек	nonecho=13	best=#1	srcs=3	shortest_src='сделать сайт ш'	kz=False	ru=False
создать сайт бишкек	nonecho=12	best=#2	srcs=3	shortest_src='сделать сайт ю'	kz=False	ru=False
создать сайт в бишкеке	nonecho=3	best=#2	srcs=3	shortest_src='сделать сайт ш'	kz=False	ru=False
купить сайт бишкек	nonecho=8	best=#2	srcs=3	shortest_src='заказать сайт у'	kz=False	ru=False
сайт визитка бишкек	nonecho=17	best=#1	srcs=3	shortest_src='сайт визитка ч'	kz=False	ru=False
лендинг бишкек	nonecho=11	best=#1	srcs=3	shortest_src='лендинг бишкек'	kz=False	ru=False
веб студия бишкек	nonecho=18	best=#1	srcs=3	shortest_src='веб студия з'	kz=False	ru=False
веб студии бишкек	nonecho=11	best=#1	srcs=3	shortest_src='web студия для'	kz=False	ru=False
web студии в бишкеке	nonecho=10	best=#1	srcs=3	shortest_src='web студия кр'	kz=False	ru=False
веб разработка бишкек	nonecho=8	best=#1	srcs=3	shortest_src='веб разработка для'	kz=False	ru=False
веб разработчик бишкек	nonecho=8	best=#1	srcs=3	shortest_src='веб разработка для'	kz=False	ru=False
разработчики сайта бишкек	nonecho=7	best=#1	srcs=3	shortest_src='редизайн сайта под ключ'	kz=False	ru=False
сколько стоит создать сайт в бишкеке	nonecho=10	best=#2	srcs=3	shortest_src='сколько стоит сайт н'	kz=False	ru=False
разработка мобильных приложений бишкек	nonecho=17	best=#1	srcs=3	shortest_src='разработка приложений цена'	kz=False	ru=False
разработка приложения бишкек	nonecho=16	best=#1	srcs=3	shortest_src='разработка приложений заказать'	kz=False	ru=False
создание приложений бишкек	nonecho=6	best=#1	srcs=3	shortest_src='создание приложений кр'	kz=False	ru=False
мобильная разработка бишкек	nonecho=5	best=#2	srcs=3	shortest_src='разработка мобильных приложений б'	kz=False	ru=False
разработка мобильного приложения бишкек	nonecho=1	best=#3	srcs=1	shortest_src='разработка программного обеспечения бишкек'	kz=False	ru=False
разработка приложений бишкек	nonecho=4	best=#1	srcs=3	shortest_src='разработка по недорого'	kz=False	ru=False
создать приложение бишкек	nonecho=5	best=#2	srcs=3	shortest_src='создание приложений кр'	kz=False	ru=False
crm система бишкек	nonecho=13	best=#1	srcs=3	shortest_src='crm бишкек'	kz=False	ru=False
crm бишкек	nonecho=12	best=#1	srcs=3	shortest_src='crm бишкек'	kz=False	ru=False
crm кыргызстан	nonecho=12	best=#1	srcs=3	shortest_src='crm бишкек'	kz=False	ru=False
crm bishkek	nonecho=11	best=#2	srcs=3	shortest_src='crm бишкек'	kz=False	ru=False
crm kg	nonecho=8	best=#3	srcs=3	shortest_src='crm бишкек'	kz=False	ru=False
срм система бишкек	nonecho=2	best=#4	srcs=1	shortest_src='crm система бишкек'	kz=False	ru=False
внедрение срм бишкек	nonecho=2	best=#4	srcs=1	shortest_src='crm бишкек'	kz=False	ru=False
амо срм бишкек	nonecho=3	best=#1	srcs=2	shortest_src='crm бишкек'	kz=False	ru=False
разработка crm на заказ	nonecho=14	best=#1	srcs=3	shortest_src='разработка crm'	kz=False	ru=False
crm разработка	nonecho=13	best=#1	srcs=3	shortest_src='разработка crm ц'	kz=False	ru=False
разработка crm-системы	nonecho=10	best=#2	srcs=3	shortest_src='разработка crm ц'	kz=False	ru=False
разработка crm системы цена	nonecho=5	best=#1	srcs=3	shortest_src='разработка crm'	kz=True	ru=True
разработка crm под ключ	nonecho=5	best=#1	srcs=3	shortest_src='разработка crm'	kz=True	ru=True
сколько стоит разработка crm	nonecho=3	best=#6	srcs=2	shortest_src='разработка crm'	kz=True	ru=True
автоматизация бизнеса бишкек	nonecho=7	best=#1	srcs=3	shortest_src='автоматизация бизнеса'	kz=True	ru=True
автоматизация бишкек	nonecho=6	best=#1	srcs=3	shortest_src='автоматизация бизнеса ош'	kz=False	ru=False
автоматизация магазина бишкек	nonecho=6	best=#2	srcs=3	shortest_src='автоматизация бизнеса ош'	kz=False	ru=False
автоматизация торговли бишкек	nonecho=6	best=#3	srcs=3	shortest_src='автоматизация бизнеса ош'	kz=False	ru=False
телеграм бот бишкек	nonecho=9	best=#1	srcs=3	shortest_src='чат бот бишкек'	kz=False	ru=False
чат бот бишкек	nonecho=8	best=#2	srcs=3	shortest_src='чат бот ош'	kz=False	ru=False
разработка телеграм бота цена	nonecho=3	best=#1	srcs=3	shortest_src='разработка телеграм бота'	kz=False	ru=False
разработка телеграм бота на заказ	nonecho=1	best=#4	srcs=1	shortest_src='разработка телеграм бота'	kz=False	ru=False
seo продвижение бишкек	nonecho=9	best=#1	srcs=3	shortest_src='сео бишкек'	kz=False	ru=False
seo оптимизация бишкек	nonecho=8	best=#2	srcs=3	shortest_src='сео бишкек'	kz=False	ru=False
сео продвижение бишкек	nonecho=4	best=#1	srcs=3	shortest_src='сео бишкек'	kz=False	ru=False
seo бишкек	nonecho=6	best=#1	srcs=3	shortest_src='сео бишкек'	kz=False	ru=False
айти компании в кыргызстане	nonecho=10	best=#1	srcs=3	shortest_src='айти компания кр'	kz=False	ru=False
айти компании кыргызстана	nonecho=10	best=#2	srcs=3	shortest_src='айти компания кр'	kz=False	ru=False
it компании в кыргызстане	nonecho=7	best=#1	srcs=3	shortest_src='it компания для'	kz=False	ru=False
айти компания бишкек	nonecho=7	best=#1	srcs=3	shortest_src='айти компания кр'	kz=False	ru=False
it компания бишкек	nonecho=4	best=#1	srcs=3	shortest_src='it компания цена'	kz=False	ru=False
топ it компании в кыргызстане	nonecho=1	best=#1	srcs=1	shortest_src='топ it компаний кыргызстана'	kz=False	ru=False
digital агентство бишкек	nonecho=4	best=#1	srcs=3	shortest_src='digital агентство ош'	kz=False	ru=False
диджитал агентство бишкек	nonecho=5	best=#2	srcs=3	shortest_src='digital агентство ош'	kz=False	ru=False
сколько стоит сайт под ключ	nonecho=6	best=#1	srcs=3	shortest_src='сколько стоит сайт'	kz=True	ru=True
сколько стоит создание сайты	nonecho=10	best=#1	srcs=3	shortest_src='сколько стоит сайт н'	kz=False	ru=False
сделать сайт под ключ цена	nonecho=6	best=#1	srcs=3	shortest_src='сделать сайт п'	kz=False	ru=False
заказать сайт для бизнеса цена	nonecho=5	best=#1	srcs=3	shortest_src='заказать сайт б'	kz=False	ru=False
заказать корпоративный сайт под ключ	nonecho=5	best=#1	srcs=3	shortest_src='заказать сайт к'	kz=False	ru=False
сайт под ключ цена	nonecho=3	best=#1	srcs=2	shortest_src='сайт под ключ'	kz=True	ru=True
сколько стоит сайт визитка	nonecho=3	best=#1	srcs=2	shortest_src='сколько стоит сайт'	kz=True	ru=True
сколько стоит интернет магазин под ключ	nonecho=1	best=#1	srcs=1	shortest_src='сколько стоит интернет магазин'	kz=False	ru=False
заказать интернет магазин под ключ цена	nonecho=3	best=#1	srcs=3	shortest_src='интернет магазин заказать'	kz=False	ru=False
сколько стоит сайт с личным кабинетом	nonecho=3	best=#3	srcs=3	shortest_src='сколько стоит сайт ч'	kz=False	ru=False
сайт с личным кабинетом	NOT SURFACED
интернет эквайринг в кыргызстане	nonecho=2	best=#5	srcs=2	shortest_src='эквайринг бишкек'	kz=False	ru=False
эквайринг кыргызстан	nonecho=1	best=#3	srcs=1	shortest_src='эквайринг бишкек'	kz=False	ru=False
эквайринг бишкек	nonecho=1	best=#6	srcs=1	shortest_src='эквайринг кыргызстан'	kz=False	ru=False
разработка сайтов и мобильных приложений	nonecho=4	best=#3	srcs=3	shortest_src='разработка сайтов м'	kz=False	ru=False
редизайн сайта стоимость	nonecho=1	best=#3	srcs=1	shortest_src='редизайн сайта цена'	kz=False	ru=False
редизайн сайта цена	nonecho=2	best=#2	srcs=2	shortest_src='редизайн сайта'	kz=False	ru=False
сайт на тильде цена	nonecho=7	best=#1	srcs=3	shortest_src='сайт на тильде'	kz=True	ru=True
заказать сайт на тильде цена	nonecho=8	best=#1	srcs=3	shortest_src='заказать сайт'	kz=True	ru=True
b2b бишкек	nonecho=2	best=#2	srcs=2	shortest_src='b2b портал недорого'	kz=False	ru=False
мобильное приложение для фермеров	nonecho=1	best=#1	srcs=1	shortest_src='приложение для фермеров'	kz=False	ru=False
визитка кг	nonecho=9	best=#2	srcs=3	shortest_src='сайт визитка ч'	kz=False	ru=False
tilda kg	nonecho=5	best=#1	srcs=3	shortest_src='сайт на tilda бишкек'	kz=False	ru=False
сколько стоит сделать мобильное приложение	nonecho=1	best=#2	srcs=1	shortest_src='сколько стоит мобильное приложение'	kz=False	ru=False
сколько стоит разработка сайта	nonecho=1	best=#2	srcs=1	shortest_src='сколько стоит разработка'	kz=False	ru=False
веб студия полного цикла	nonecho=3	best=#1	srcs=3	shortest_src='web студия'	kz=False	ru=False